{
  "baseline": {
    "mrr_at_5": 0.95,
    "ndcg_at_10": 0.9630929753571458
  },
  "reranked": {
    "mrr_at_5": 0.95,
    "ndcg_at_10": 0.9630929753571458
  }
}